<?xml version="1.0" encoding="UTF-8"?>
<office:document-meta xmlns:office="urn:oasis:names:tc:opendocument:xmlns:office:1.0" xmlns:xlink="http://www.w3.org/1999/xlink" xmlns:dc="http://purl.org/dc/elements/1.1/" xmlns:meta="urn:oasis:names:tc:opendocument:xmlns:meta:1.0" xmlns:ooo="http://openoffice.org/2004/office" xmlns:grddl="http://www.w3.org/2003/g/data-view#" office:version="1.2"><office:meta><meta:initial-creator>fahrekin </meta:initial-creator><meta:creation-date>2014-08-04T04:50:51</meta:creation-date><dc:date>2014-08-04T05:59:23</dc:date><dc:creator>person</dc:creator><meta:editing-duration>PT9M7S</meta:editing-duration><meta:editing-cycles>3</meta:editing-cycles><meta:generator>LibreOffice/3.6$Linux_X86_64 LibreOffice_project/360m1$Build-2</meta:generator><meta:document-statistic meta:table-count="1" meta:cell-count="1" meta:object-count="0"/></office:meta></office:document-meta>
